{
  "fio version" : "fio-3.16-dirty",
  "timestamp" : 1711938659,
  "timestamp_ms" : 1711938659739,
  "time" : "Mon Apr  1 10:30:59 2024",
  "global options" : {
    "bs" : "4k",
    "iodepth" : "128",
    "direct" : "1",
    "ioengine" : "libaio",
    "numjobs" : "2",
    "name" : "raw-randread",
    "rw" : "randread"
  },
  "jobs" : [
    {
      "jobname" : "job1",
      "groupid" : 0,
      "error" : 0,
      "eta" : 0,
      "elapsed" : 61,
      "job options" : {
        "runtime" : "60",
        "time_based" : "1",
        "filename" : "/home/joer/p1/5"
      },
      "read" : {
        "io_bytes" : 58611830784,
        "io_kbytes" : 57238116,
        "bw_bytes" : 976847565,
        "bw" : 953952,
        "iops" : 238488.175197,
        "runtime" : 60001,
        "total_ios" : 14309529,
        "short_ios" : 0,
        "drop_ios" : 0,
        "slat_ns" : {
          "min" : 581,
          "max" : 15864098,
          "mean" : 2010.808621,
          "stddev" : 12397.750858
        },
        "clat_ns" : {
          "min" : 15813,
          "max" : 38538744,
          "mean" : 1070657.277685,
          "stddev" : 482672.539302,
          "percentile" : {
            "1.000000" : 411648,
            "5.000000" : 643072,
            "10.000000" : 733184,
            "20.000000" : 831488,
            "30.000000" : 913408,
            "40.000000" : 987136,
            "50.000000" : 1056768,
            "60.000000" : 1122304,
            "70.000000" : 1187840,
            "80.000000" : 1269760,
            "90.000000" : 1384448,
            "95.000000" : 1499136,
            "99.000000" : 1826816,
            "99.500000" : 2179072,
            "99.900000" : 5734400,
            "99.950000" : 8159232,
            "99.990000" : 22937600
          }
        },
        "lat_ns" : {
          "min" : 20694,
          "max" : 38577022,
          "mean" : 1072757.599181,
          "stddev" : 483233.871053
        },
        "bw_min" : 722361,
        "bw_max" : 1114408,
        "bw_agg" : 99.963610,
        "bw_mean" : 953604.858333,
        "bw_dev" : 25882.978261,
        "bw_samples" : 240,
        "iops_min" : 180590,
        "iops_max" : 278602,
        "iops_mean" : 238401.191667,
        "iops_stddev" : 6470.765773,
        "iops_samples" : 240
      },
      "write" : {
        "io_bytes" : 0,
        "io_kbytes" : 0,
        "bw_bytes" : 0,
        "bw" : 0,
        "iops" : 0.000000,
        "runtime" : 0,
        "total_ios" : 0,
        "short_ios" : 0,
        "drop_ios" : 0,
        "slat_ns" : {
          "min" : 0,
          "max" : 0,
          "mean" : 0.000000,
          "stddev" : 0.000000
        },
        "clat_ns" : {
          "min" : 0,
          "max" : 0,
          "mean" : 0.000000,
          "stddev" : 0.000000,
          "percentile" : {
            "1.000000" : 0,
            "5.000000" : 0,
            "10.000000" : 0,
            "20.000000" : 0,
            "30.000000" : 0,
            "40.000000" : 0,
            "50.000000" : 0,
            "60.000000" : 0,
            "70.000000" : 0,
            "80.000000" : 0,
            "90.000000" : 0,
            "95.000000" : 0,
            "99.000000" : 0,
            "99.500000" : 0,
            "99.900000" : 0,
            "99.950000" : 0,
            "99.990000" : 0
          }
        },
        "lat_ns" : {
          "min" : 0,
          "max" : 0,
          "mean" : 0.000000,
          "stddev" : 0.000000
        },
        "bw_min" : 0,
        "bw_max" : 0,
        "bw_agg" : 0.000000,
        "bw_mean" : 0.000000,
        "bw_dev" : 0.000000,
        "bw_samples" : 0,
        "iops_min" : 0,
        "iops_max" : 0,
        "iops_mean" : 0.000000,
        "iops_stddev" : 0.000000,
        "iops_samples" : 0
      },
      "trim" : {
        "io_bytes" : 0,
        "io_kbytes" : 0,
        "bw_bytes" : 0,
        "bw" : 0,
        "iops" : 0.000000,
        "runtime" : 0,
        "total_ios" : 0,
        "short_ios" : 0,
        "drop_ios" : 0,
        "slat_ns" : {
          "min" : 0,
          "max" : 0,
          "mean" : 0.000000,
          "stddev" : 0.000000
        },
        "clat_ns" : {
          "min" : 0,
          "max" : 0,
          "mean" : 0.000000,
          "stddev" : 0.000000,
          "percentile" : {
            "1.000000" : 0,
            "5.000000" : 0,
            "10.000000" : 0,
            "20.000000" : 0,
            "30.000000" : 0,
            "40.000000" : 0,
            "50.000000" : 0,
            "60.000000" : 0,
            "70.000000" : 0,
            "80.000000" : 0,
            "90.000000" : 0,
            "95.000000" : 0,
            "99.000000" : 0,
            "99.500000" : 0,
            "99.900000" : 0,
            "99.950000" : 0,
            "99.990000" : 0
          }
        },
        "lat_ns" : {
          "min" : 0,
          "max" : 0,
          "mean" : 0.000000,
          "stddev" : 0.000000
        },
        "bw_min" : 0,
        "bw_max" : 0,
        "bw_agg" : 0.000000,
        "bw_mean" : 0.000000,
        "bw_dev" : 0.000000,
        "bw_samples" : 0,
        "iops_min" : 0,
        "iops_max" : 0,
        "iops_mean" : 0.000000,
        "iops_stddev" : 0.000000,
        "iops_samples" : 0
      },
      "sync" : {
        "lat_ns" : {
          "min" : 0,
          "max" : 0,
          "mean" : 0.000000,
          "stddev" : 0.000000,
          "percentile" : {
            "1.000000" : 0,
            "5.000000" : 0,
            "10.000000" : 0,
            "20.000000" : 0,
            "30.000000" : 0,
            "40.000000" : 0,
            "50.000000" : 0,
            "60.000000" : 0,
            "70.000000" : 0,
            "80.000000" : 0,
            "90.000000" : 0,
            "95.000000" : 0,
            "99.000000" : 0,
            "99.500000" : 0,
            "99.900000" : 0,
            "99.950000" : 0,
            "99.990000" : 0
          }
        },
        "total_ios" : 0
      },
      "job_runtime" : 120000,
      "usr_cpu" : 16.990000,
      "sys_cpu" : 25.600833,
      "ctx" : 114591,
      "majf" : 0,
      "minf" : 284,
      "iodepth_level" : {
        "1" : 0.100000,
        "2" : 0.100000,
        "4" : 0.100000,
        "8" : 0.100000,
        "16" : 0.100000,
        "32" : 0.100000,
        ">=64" : 99.999119
      },
      "iodepth_submit" : {
        "0" : 0.000000,
        "4" : 100.000000,
        "8" : 0.000000,
        "16" : 0.000000,
        "32" : 0.000000,
        "64" : 0.000000,
        ">=64" : 0.000000
      },
      "iodepth_complete" : {
        "0" : 0.000000,
        "4" : 99.999986,
        "8" : 0.000000,
        "16" : 0.000000,
        "32" : 0.000000,
        "64" : 0.000000,
        ">=64" : 0.100000
      },
      "latency_ns" : {
        "2" : 0.000000,
        "4" : 0.000000,
        "10" : 0.000000,
        "20" : 0.000000,
        "50" : 0.000000,
        "100" : 0.000000,
        "250" : 0.000000,
        "500" : 0.000000,
        "750" : 0.000000,
        "1000" : 0.000000
      },
      "latency_us" : {
        "2" : 0.000000,
        "4" : 0.000000,
        "10" : 0.000000,
        "20" : 0.010000,
        "50" : 0.010000,
        "100" : 0.010000,
        "250" : 0.080142,
        "500" : 1.788060,
        "750" : 9.654147,
        "1000" : 30.772124
      },
      "latency_ms" : {
        "2" : 57.043771,
        "4" : 0.468548,
        "10" : 0.155400,
        "20" : 0.019400,
        "50" : 0.011335,
        "100" : 0.000000,
        "250" : 0.000000,
        "500" : 0.000000,
        "750" : 0.000000,
        "1000" : 0.000000,
        "2000" : 0.000000,
        ">=2000" : 0.000000
      },
      "latency_depth" : 128,
      "latency_target" : 0,
      "latency_percentile" : 100.000000,
      "latency_window" : 0
    }
  ],
  "disk_util" : [
    {
      "name" : "vda",
      "read_ios" : 14271258,
      "write_ios" : 5,
      "read_merges" : 0,
      "write_merges" : 2,
      "read_ticks" : 11860126,
      "write_ticks" : 5,