{
  "fio version" : "fio-3.16-dirty",
  "timestamp" : 1711938518,
  "timestamp_ms" : 1711938518363,
  "time" : "Mon Apr  1 10:28:38 2024",
  "global options" : {
    "bs" : "4k",
    "iodepth" : "128",
    "direct" : "1",
    "ioengine" : "libaio",
    "numjobs" : "2",
    "name" : "raw-randread",
    "rw" : "randread"
  },
  "jobs" : [
    {
      "jobname" : "job1",
      "groupid" : 0,
      "error" : 0,
      "eta" : 0,
      "elapsed" : 61,
      "job options" : {
        "runtime" : "60",
        "time_based" : "1",
        "filename" : "/home/joer/p1/5"
      },
      "read" : {
        "io_bytes" : 78461149184,
        "io_kbytes" : 76622216,
        "bw_bytes" : 1307664025,
        "bw" : 1277015,
        "iops" : 319253.912435,
        "runtime" : 60001,
        "total_ios" : 19155554,
        "short_ios" : 0,
        "drop_ios" : 0,
        "slat_ns" : {
          "min" : 579,
          "max" : 6915968,
          "mean" : 1424.147954,
          "stddev" : 8986.050124
        },
        "clat_ns" : {
          "min" : 23262,
          "max" : 43159453,
          "mean" : 799878.065953,
          "stddev" : 397320.687088,
          "percentile" : {
            "1.000000" : 268288,
            "5.000000" : 522240,
            "10.000000" : 585728,
            "20.000000" : 651264,
            "30.000000" : 700416,
            "40.000000" : 749568,
            "50.000000" : 790528,
            "60.000000" : 831488,
            "70.000000" : 880640,
            "80.000000" : 929792,
            "90.000000" : 995328,
            "95.000000" : 1073152,
            "99.000000" : 1269760,
            "99.500000" : 1482752,
            "99.900000" : 4292608,
            "99.950000" : 6324224,
            "99.990000" : 21626880
          }
        },
        "lat_ns" : {
          "min" : 23947,
          "max" : 43966866,
          "mean" : 801376.880281,
          "stddev" : 397643.826587
        },
        "bw_min" : 1089951,
        "bw_max" : 1383959,
        "bw_agg" : 99.959202,
        "bw_mean" : 1276494.001401,
        "bw_dev" : 21982.375463,
        "bw_samples" : 239,
        "iops_min" : 272487,
        "iops_max" : 345989,
        "iops_mean" : 319123.447759,
        "iops_stddev" : 5495.597872,
        "iops_samples" : 239
      },
      "write" : {
        "io_bytes" : 0,
        "io_kbytes" : 0,
        "bw_bytes" : 0,
        "bw" : 0,
        "iops" : 0.000000,
        "runtime" : 0,
        "total_ios" : 0,
        "short_ios" : 0,
        "drop_ios" : 0,
        "slat_ns" : {
          "min" : 0,
          "max" : 0,
          "mean" : 0.000000,
          "stddev" : 0.000000
        },
        "clat_ns" : {
          "min" : 0,
          "max" : 0,
          "mean" : 0.000000,
          "stddev" : 0.000000,
          "percentile" : {
            "1.000000" : 0,
            "5.000000" : 0,
            "10.000000" : 0,
            "20.000000" : 0,
            "30.000000" : 0,
            "40.000000" : 0,
            "50.000000" : 0,
            "60.000000" : 0,
            "70.000000" : 0,
            "80.000000" : 0,
            "90.000000" : 0,
            "95.000000" : 0,
            "99.000000" : 0,
            "99.500000" : 0,
            "99.900000" : 0,
            "99.950000" : 0,
            "99.990000" : 0
          }
        },
        "lat_ns" : {
          "min" : 0,
          "max" : 0,
          "mean" : 0.000000,
          "stddev" : 0.000000
        },
        "bw_min" : 0,
        "bw_max" : 0,
        "bw_agg" : 0.000000,
        "bw_mean" : 0.000000,
        "bw_dev" : 0.000000,
        "bw_samples" : 0,
        "iops_min" : 0,
        "iops_max" : 0,
        "iops_mean" : 0.000000,
        "iops_stddev" : 0.000000,
        "iops_samples" : 0
      },
      "trim" : {
        "io_bytes" : 0,
        "io_kbytes" : 0,
        "bw_bytes" : 0,
        "bw" : 0,
        "iops" : 0.000000,
        "runtime" : 0,
        "total_ios" : 0,
        "short_ios" : 0,
        "drop_ios" : 0,
        "slat_ns" : {
          "min" : 0,
          "max" : 0,
          "mean" : 0.000000,
          "stddev" : 0.000000
        },
        "clat_ns" : {
          "min" : 0,
          "max" : 0,
          "mean" : 0.000000,
          "stddev" : 0.000000,
          "percentile" : {
            "1.000000" : 0,
            "5.000000" : 0,
            "10.000000" : 0,
            "20.000000" : 0,
            "30.000000" : 0,
            "40.000000" : 0,
            "50.000000" : 0,
            "60.000000" : 0,
            "70.000000" : 0,
            "80.000000" : 0,
            "90.000000" : 0,
            "95.000000" : 0,
            "99.000000" : 0,
            "99.500000" : 0,
            "99.900000" : 0,
            "99.950000" : 0,
            "99.990000" : 0
          }
        },
        "lat_ns" : {
          "min" : 0,
          "max" : 0,
          "mean" : 0.000000,
          "stddev" : 0.000000
        },
        "bw_min" : 0,
        "bw_max" : 0,
        "bw_agg" : 0.000000,
        "bw_mean" : 0.000000,
        "bw_dev" : 0.000000,
        "bw_samples" : 0,
        "iops_min" : 0,
        "iops_max" : 0,
        "iops_mean" : 0.000000,
        "iops_stddev" : 0.000000,
        "iops_samples" : 0
      },
      "sync" : {
        "lat_ns" : {
          "min" : 0,
          "max" : 0,
          "mean" : 0.000000,
          "stddev" : 0.000000,
          "percentile" : {
            "1.000000" : 0,
            "5.000000" : 0,
            "10.000000" : 0,
            "20.000000" : 0,
            "30.000000" : 0,
            "40.000000" : 0,
            "50.000000" : 0,
            "60.000000" : 0,
            "70.000000" : 0,
            "80.000000" : 0,
            "90.000000" : 0,
            "95.000000" : 0,
            "99.000000" : 0,
            "99.500000" : 0,
            "99.900000" : 0,
            "99.950000" : 0,
            "99.990000" : 0
          }
        },
        "total_ios" : 0
      },
      "job_runtime" : 120000,
      "usr_cpu" : 17.475000,
      "sys_cpu" : 23.510833,
      "ctx" : 153752,
      "majf" : 0,
      "minf" : 280,
      "iodepth_level" : {
        "1" : 0.100000,
        "2" : 0.100000,
        "4" : 0.100000,
        "8" : 0.100000,
        "16" : 0.100000,
        "32" : 0.100000,
        ">=64" : 99.999342
      },
      "iodepth_submit" : {
        "0" : 0.000000,
        "4" : 100.000000,
        "8" : 0.000000,
        "16" : 0.000000,
        "32" : 0.000000,
        "64" : 0.000000,
        ">=64" : 0.000000
      },
      "iodepth_complete" : {
        "0" : 0.000000,
        "4" : 99.999990,
        "8" : 0.000000,
        "16" : 0.000000,
        "32" : 0.000000,
        "64" : 0.000000,
        ">=64" : 0.100000
      },
      "latency_ns" : {
        "2" : 0.000000,
        "4" : 0.000000,
        "10" : 0.000000,
        "20" : 0.000000,
        "50" : 0.000000,
        "100" : 0.000000,
        "250" : 0.000000,
        "500" : 0.000000,
        "750" : 0.000000,
        "1000" : 0.000000
      },
      "latency_us" : {
        "2" : 0.000000,
        "4" : 0.000000,
        "10" : 0.000000,
        "20" : 0.000000,
        "50" : 0.010000,
        "100" : 0.010000,
        "250" : 0.751939,
        "500" : 3.285293,
        "750" : 36.694647,
        "1000" : 49.566314
      },
      "latency_ms" : {
        "2" : 9.446842,
        "4" : 0.129680,
        "10" : 0.097878,
        "20" : 0.010000,
        "50" : 0.011767,
        "100" : 0.000000,
        "250" : 0.000000,
        "500" : 0.000000,
        "750" : 0.000000,
        "1000" : 0.000000,
        "2000" : 0.000000,
        ">=2000" : 0.000000
      },
      "latency_depth" : 128,
      "latency_target" : 0,
      "latency_percentile" : 100.000000,
      "latency_window" : 0
    }
  ],
  "disk_util" : [
    {
      "name" : "vda",
      "read_ios" : 19121418,
      "write_ios" : 0,
      "read_merges" : 0,
      "write_merges" : 0,
      "read_ticks" : 11959160,
      "write_ticks" : 0,