{
  "fio version" : "fio-3.16-dirty",
  "timestamp" : 1711938588,
  "timestamp_ms" : 1711938588933,
  "time" : "Mon Apr  1 10:29:48 2024",
  "global options" : {
    "bs" : "4k",
    "iodepth" : "128",
    "direct" : "1",
    "ioengine" : "libaio",
    "numjobs" : "2",
    "name" : "raw-randread",
    "rw" : "randread"
  },
  "jobs" : [
    {
      "jobname" : "job1",
      "groupid" : 0,
      "error" : 0,
      "eta" : 0,
      "elapsed" : 61,
      "job options" : {
        "runtime" : "60",
        "time_based" : "1",
        "filename" : "/home/joer/p1/5"
      },
      "read" : {
        "io_bytes" : 67193085952,
        "io_kbytes" : 65618248,
        "bw_bytes" : 1119866101,
        "bw" : 1093619,
        "iops" : 273404.809920,
        "runtime" : 60001,
        "total_ios" : 16404562,
        "short_ios" : 0,
        "drop_ios" : 0,
        "slat_ns" : {
          "min" : 580,
          "max" : 7857472,
          "mean" : 1647.635382,
          "stddev" : 6293.573783
        },
        "clat_ns" : {
          "min" : 20214,
          "max" : 34982105,
          "mean" : 934041.584758,
          "stddev" : 361066.801163,
          "percentile" : {
            "1.000000" : 448512,
            "5.000000" : 626688,
            "10.000000" : 684032,
            "20.000000" : 757760,
            "30.000000" : 823296,
            "40.000000" : 872448,
            "50.000000" : 929792,
            "60.000000" : 978944,
            "70.000000" : 1028096,
            "80.000000" : 1089536,
            "90.000000" : 1171456,
            "95.000000" : 1253376,
            "99.000000" : 1417216,
            "99.500000" : 1499136,
            "99.900000" : 2244608,
            "99.950000" : 4177920,
            "99.990000" : 20840448
          }
        },
        "lat_ns" : {
          "min" : 23677,
          "max" : 35002416,
          "mean" : 935772.418361,
          "stddev" : 361396.741563
        },
        "bw_min" : 1001760,
        "bw_max" : 1191648,
        "bw_agg" : 99.925810,
        "bw_mean" : 1092807.638655,
        "bw_dev" : 16631.683544,
        "bw_samples" : 238,
        "iops_min" : 250440,
        "iops_max" : 297912,
        "iops_mean" : 273201.882353,
        "iops_stddev" : 4157.906852,
        "iops_samples" : 238
      },
      "write" : {
        "io_bytes" : 0,
        "io_kbytes" : 0,
        "bw_bytes" : 0,
        "bw" : 0,
        "iops" : 0.000000,
        "runtime" : 0,
        "total_ios" : 0,
        "short_ios" : 0,
        "drop_ios" : 0,
        "slat_ns" : {
          "min" : 0,
          "max" : 0,
          "mean" : 0.000000,
          "stddev" : 0.000000
        },
        "clat_ns" : {
          "min" : 0,
          "max" : 0,
          "mean" : 0.000000,
          "stddev" : 0.000000,
          "percentile" : {
            "1.000000" : 0,
            "5.000000" : 0,
            "10.000000" : 0,
            "20.000000" : 0,
            "30.000000" : 0,
            "40.000000" : 0,
            "50.000000" : 0,
            "60.000000" : 0,
            "70.000000" : 0,
            "80.000000" : 0,
            "90.000000" : 0,
            "95.000000" : 0,
            "99.000000" : 0,
            "99.500000" : 0,
            "99.900000" : 0,
            "99.950000" : 0,
            "99.990000" : 0
          }
        },
        "lat_ns" : {
          "min" : 0,
          "max" : 0,
          "mean" : 0.000000,
          "stddev" : 0.000000
        },
        "bw_min" : 0,
        "bw_max" : 0,
        "bw_agg" : 0.000000,
        "bw_mean" : 0.000000,
        "bw_dev" : 0.000000,
        "bw_samples" : 0,
        "iops_min" : 0,
        "iops_max" : 0,
        "iops_mean" : 0.000000,
        "iops_stddev" : 0.000000,
        "iops_samples" : 0
      },
      "trim" : {
        "io_bytes" : 0,
        "io_kbytes" : 0,
        "bw_bytes" : 0,
        "bw" : 0,
        "iops" : 0.000000,
        "runtime" : 0,
        "total_ios" : 0,
        "short_ios" : 0,
        "drop_ios" : 0,
        "slat_ns" : {
          "min" : 0,
          "max" : 0,
          "mean" : 0.000000,
          "stddev" : 0.000000
        },
        "clat_ns" : {
          "min" : 0,
          "max" : 0,
          "mean" : 0.000000,
          "stddev" : 0.000000,
          "percentile" : {
            "1.000000" : 0,
            "5.000000" : 0,
            "10.000000" : 0,
            "20.000000" : 0,
            "30.000000" : 0,
            "40.000000" : 0,
            "50.000000" : 0,
            "60.000000" : 0,
            "70.000000" : 0,
            "80.000000" : 0,
            "90.000000" : 0,
            "95.000000" : 0,
            "99.000000" : 0,
            "99.500000" : 0,
            "99.900000" : 0,
            "99.950000" : 0,
            "99.990000" : 0
          }
        },
        "lat_ns" : {
          "min" : 0,
          "max" : 0,
          "mean" : 0.000000,
          "stddev" : 0.000000
        },
        "bw_min" : 0,
        "bw_max" : 0,
        "bw_agg" : 0.000000,
        "bw_mean" : 0.000000,
        "bw_dev" : 0.000000,
        "bw_samples" : 0,
        "iops_min" : 0,
        "iops_max" : 0,
        "iops_mean" : 0.000000,
        "iops_stddev" : 0.000000,
        "iops_samples" : 0
      },
      "sync" : {
        "lat_ns" : {
          "min" : 0,
          "max" : 0,
          "mean" : 0.000000,
          "stddev" : 0.000000,
          "percentile" : {
            "1.000000" : 0,
            "5.000000" : 0,
            "10.000000" : 0,
            "20.000000" : 0,
            "30.000000" : 0,
            "40.000000" : 0,
            "50.000000" : 0,
            "60.000000" : 0,
            "70.000000" : 0,
            "80.000000" : 0,
            "90.000000" : 0,
            "95.000000" : 0,
            "99.000000" : 0,
            "99.500000" : 0,
            "99.900000" : 0,
            "99.950000" : 0,
            "99.990000" : 0
          }
        },
        "total_ios" : 0
      },
      "job_runtime" : 120000,
      "usr_cpu" : 16.503333,
      "sys_cpu" : 24.021667,
      "ctx" : 130135,
      "majf" : 0,
      "minf" : 281,
      "iodepth_level" : {
        "1" : 0.100000,
        "2" : 0.100000,
        "4" : 0.100000,
        "8" : 0.100000,
        "16" : 0.100000,
        "32" : 0.100000,
        ">=64" : 99.999232
      },
      "iodepth_submit" : {
        "0" : 0.000000,
        "4" : 100.000000,
        "8" : 0.000000,
        "16" : 0.000000,
        "32" : 0.000000,
        "64" : 0.000000,
        ">=64" : 0.000000
      },
      "iodepth_complete" : {
        "0" : 0.000000,
        "4" : 99.999988,
        "8" : 0.000000,
        "16" : 0.000000,
        "32" : 0.000000,
        "64" : 0.000000,
        ">=64" : 0.100000
      },
      "latency_ns" : {
        "2" : 0.000000,
        "4" : 0.000000,
        "10" : 0.000000,
        "20" : 0.000000,
        "50" : 0.000000,
        "100" : 0.000000,
        "250" : 0.000000,
        "500" : 0.000000,
        "750" : 0.000000,
        "1000" : 0.000000
      },
      "latency_us" : {
        "2" : 0.000000,
        "4" : 0.000000,
        "10" : 0.000000,
        "20" : 0.000000,
        "50" : 0.010000,
        "100" : 0.010000,
        "250" : 0.138687,
        "500" : 1.262801,
        "750" : 16.816755,
        "1000" : 46.174979
      },
      "latency_ms" : {
        "2" : 35.478527,
        "4" : 0.068341,
        "10" : 0.032966,
        "20" : 0.010000,
        "50" : 0.010089,
        "100" : 0.000000,
        "250" : 0.000000,
        "500" : 0.000000,
        "750" : 0.000000,
        "1000" : 0.000000,
        "2000" : 0.000000,
        ">=2000" : 0.000000
      },
      "latency_depth" : 128,
      "latency_target" : 0,
      "latency_percentile" : 100.000000,
      "latency_window" : 0
    }
  ],
  "disk_util" : [
    {
      "name" : "vda",
      "read_ios" : 16374959,
      "write_ios" : 0,
      "read_merges" : 0,
      "write_merges" : 0,
      "read_ticks" : 12216178,
      "write_ticks" : 0,